{
    "ACQ_RATE": 0.9469785605301131,
    "SNR": 179.71914121711976,
    "SNR*FA": 0.3071861144144152,
    "bin": 1,
    "em_gain": 0,
    "em_mode": "Conv",
    "max_acq_rate": 0.9841498947324772,
    "max_snr": 253.05332360970513,
    "min_acq_rate": 0.8999999999999999,
    "min_snr": 90.0,
    "obj_coords": [
        0,
        0
    ],
    "preamp": 1,
    "readout_rate": 1,
    "snr_target": 90.0,
    "star_radius": 0,
    "sub_img": 1024,
    "t_exp": 0.6224604385542981
}