{
    "FA": 0.8192000000000003,
    "bin": 1,
    "em_gain": [
        1
    ],
    "em_mode": "Conv",
    "max_acq_rate": 0.8831376611648489,
    "obj_coords": "(0,0)",
    "preamp": 2,
    "readout_rate": 1,
    "star_radius": 0,
    "sub_img": 1024,
    "t_exp": 1.0622224573289336
}