{
    "ACQ_RATE": 0.978001920888597,
    "SNR": 118.44906901608488,
    "SNR*FA": 0.3006702652758968,
    "bin": 1,
    "em_gain": 288.87751496396146,
    "em_mode": "EM",
    "max_acq_rate": 1.0036547946462095,
    "max_snr": 208.31706849199446,
    "min_acq_rate": 0.9455962023710947,
    "min_snr": 13.508517176729928,
    "obj_coords": [
        101,
        101
    ],
    "preamp": 1,
    "readout_rate": 1,
    "snr_target": 13.50851717672993,
    "star_radius": 22.30674367248861,
    "sub_img": 1024,
    "t_exp": 0.28886754568225487
}